name,ssn,password,mail,regis_year,regis_month,regis_date,address,cellphone,birth_year,birth_month,birth_date
Liam,G371373704,JDHIHE,evanscindy@gmail.com,2022,7,9,198 Heather Cliff,8477852429,2002,7,9
Noah,Y742546607,8I56LQ,tyler34@gmail.com,2013,9,17,71085 Richard Route,1095483290,1993,9,17
Oliver,Y674074785,R2OJIH,reginald29@gmail.com,2023,10,25,Unit 2580 Box 0409,8580524672,2003,10,25
Elijah,O205797896,O0FZZI,patricia22@gmail.com,1976,11,16,6654 Robles Burg Suite 430,2495951649,1956,11,16
James,I615905360,0NFE9J,tracyriggs@gmail.com,1989,3,7,7355 Jacob Mission,9799215769,1969,3,7
William,S269019544,KIQPUU,wallacegrant@gmail.com,1978,7,13,54769 Short Shoal,8145426355,1958,7,13
Benjamin,C531887990,CVE2RX,carol22@gmail.com,1997,1,26,13620 Deleon Inlet Apt. 248,2689279362,1977,1,26
Lucas,O182159412,1ON7Y3,dfernandez@gmail.com,2002,2,15,80193 Evan Curve Suite 236,520105784,1982,2,15
Henry,K533636140,INYE6C,browncassandra@gmail.com,1971,3,7,34740 Jason Inlet Suite 576,9223502440,1951,3,7
Alexander,F884511162,O3SR07,dixoncindy@gmail.com,2023,1,2,Unit 3272 Box 2676,426843796,2003,1,2
Mason,T699576457,QS50X4,eugene60@gmail.com,2023,10,5,USNS Hansen,914626310,2003,10,5
Michael,V914224855,QNUP7D,kellydaniel@gmail.com,1998,11,14,8223 Hailey Junction Apt. 340,8533349717,1978,11,14
Ethan,E694454844,KHNHIP,qvasquez@gmail.com,1988,2,27,785 Henry Lodge,8517560741,1968,2,27
Daniel,E308468638,5V17G5,yrobinson@gmail.com,1993,11,23,7275 Ryan Haven Apt. 179,6344548832,1973,11,23
Jacob,K554255176,KN9F59,klopez@gmail.com,2005,11,19,326 Douglas Passage,5159974728,1985,11,19
Logan,T073754478,O37YF0,jreese@gmail.com,2002,1,28,USCGC Payne,4207370420,1982,1,28
Jackson,A104424782,VTSQ81,christopherobrien@gmail.com,1998,10,28,63613 Byrd Road Suite 218,9794695981,1978,10,28
Levi,I517507412,NT5648,pklein@gmail.com,1975,10,3,2117 Williams Lodge,6360743500,1955,10,3
Sebastian,G932323015,CKFGCZ,nathan23@gmail.com,2017,10,22,994 Diaz Drive,1134846196,1997,10,22
Mateo,E483977274,L7IKA5,nweber@gmail.com,1976,4,24,8213 Curtis Walk,1386819936,1956,4,24
Jack,I271917781,OSHS1W,nicolasgonzalez@gmail.com,2024,12,16,69815 Cross Valley,4520193587,2004,12,16
Owen,Q608442388,621UX7,nmedina@gmail.com,1984,10,15,7353 Michael Gateway,3880191812,1964,10,15
Theodore,C546764534,QFIXYO,christopher73@gmail.com,1979,4,6,575 Christopher Parkways,5378641649,1959,4,6
Aiden,X117132535,7NXE9O,sharonwilson@gmail.com,2021,2,8,3723 Angela Valleys,9620729967,2001,2,8
Samuel,O847920677,ETVM1R,michaelreid@gmail.com,1991,11,21,97961 Hudson Well Suite 207,7569464043,1971,11,21
Olivia,O586036028,F4KW9W,khuff@gmail.com,2013,11,26,53746 Michael Estates,7914826242,1993,11,26
Emma,J642350671,5TLNRQ,iwilson@gmail.com,2024,5,26,643 Jonathan Estate,3019454511,2004,5,26
Charlotte,U460848446,DRGUEH,michellemoore@gmail.com,1982,3,19,394 Newman Track Suite 867,5664533419,1962,3,19
Amelia,A303864770,2HWXAQ,gabriel97@gmail.com,1982,8,1,119 Crystal Prairie,8053829819,1962,8,1
Ava,E113245242,MUBZ1Q,ibooth@gmail.com,1980,8,22,8459 Sandra Coves Suite 143,8272478196,1960,8,22
Sophia,N089348405,XKS31H,jennifer70@gmail.com,1988,2,4,4123 Ortiz Stream,262754509,1968,2,4
Isabella,H537376763,5WJ5LO,corysmith@gmail.com,1977,11,14,32028 Franklin Centers,3806852623,1957,11,14
Mia,P116296714,W2WW4P,feliciagonzalez@gmail.com,2000,10,5,04584 Henderson Court,7607317176,1980,10,5
Evelyn,Q283208627,0C1VB3,katherine29@gmail.com,2010,3,7,68906 Tucker Haven,5661579724,1990,3,7
Harper,R343638248,XSJ7PW,kelly61@gmail.com,2004,11,27,"PSC 9184, Box 8733",99248708,1984,11,27
Luna,O460510067,GO40O1,fernandezgary@gmail.com,1979,5,1,6306 Frank Route,3200325691,1959,5,1
Camila,E475341028,L1XW9X,andrewwhite@gmail.com,2002,1,6,20768 Hughes Junctions,1786013812,1982,1,6
Gianna,V744621633,HEDFIH,kristen44@gmail.com,1997,11,12,3741 Dustin Freeway Suite 529,7217938701,1977,11,12
Elizabeth,Y086745084,D2PH47,kingsharon@gmail.com,2007,11,2,5528 Johnson Vista Apt. 594,2373147359,1987,11,2
Eleanor,L322416657,OYBDVJ,jacksonisaiah@gmail.com,1980,4,7,0726 Katelyn Ranch,3092239410,1960,4,7
Ella,W811845273,LT6JR3,cynthia92@gmail.com,2008,12,25,474 Fernandez Via,6466092377,1988,12,25
Abigail,Z426357093,RT2P5T,smithpaul@gmail.com,2004,8,10,USS Cox,6982564598,1984,8,10
Sofia,F683992630,7T9LCB,patrick69@gmail.com,1995,9,26,895 Walker Drives Suite 425,7473373663,1975,9,26
Scarlett,U312135335,AL57F6,stevensjoshua@gmail.com,1996,12,7,21654 Tracy Islands Suite 846,8430487359,1976,12,7
Emily,G761984688,O38LN0,garyanderson@gmail.com,2016,8,8,661 Christopher Mission,6194078704,1996,8,8
Aria,Y389566126,ZRWS5H,beth11@gmail.com,2016,12,1,2188 Michelle Stream,1341911502,1996,12,1
Penelope,S799874499,19WOW5,thompsonkyle@gmail.com,2016,11,1,0879 Dawn Road,5906199094,1996,11,1
Chloe,I194985452,7G88HL,stevenriley@gmail.com,2010,9,19,028 Kevin Groves,3189687094,1990,9,19
Layla,H621390150,O5YMCG,ugarcia@gmail.com,2013,9,20,034 Medina Overpass,4882878673,1993,9,20
Mila,C667267187,8K4FBE,icamacho@gmail.com,1980,1,2,3004 Christina Plaza Apt. 856,5838081561,1960,1,2
